,RMSE,MAE,QLIKE
ols-1-5-22,0.00187,0.001437,0.1005565
ols-1-5-22-66,0.0018417,0.0013885,0.0975893
